"celltype_clean","celltype.l3","TP","FP","FN","TN","Mean_Z","n","Accuracy","Balanced_Accuracy","Dataset","Method","Mode"
"B-cells","B intermediate kappa",0,0,0,29,1.49418108989094,29,1,0.499999982758621,"vaccine","AUCell","gmm_dist_dual"
"B-cells","B intermediate lambda",0,16,0,109,1.48597762098864,125,0.872,0.435999996512,"vaccine","AUCell","gmm_dist_dual"
"B-cells","B memory kappa",0,0,1,43,1.19094467620925,44,0.977272727272727,0.499999988372093,"vaccine","AUCell","gmm_dist_dual"
"B-cells","B memory lambda",0,0,0,28,1.17445901691502,28,1,0.499999982142858,"vaccine","AUCell","gmm_dist_dual"
"B-cells","B naive kappa",0,4,1,210,1.53960821141759,215,0.976744186046512,0.4906542033147,"vaccine","AUCell","gmm_dist_dual"
"B-cells","B naive lambda",0,0,0,16,1.38489173070316,16,1,0.499999968750002,"vaccine","AUCell","gmm_dist_dual"
"B-cells","Plasma",0,0,0,14,-0.180175100773368,14,1,0.499999964285717,"vaccine","AUCell","gmm_dist_dual"
"B-cells","Plasmablast",0,0,0,2,-0.409748124829383,2,1,0.499999750000125,"vaccine","AUCell","gmm_dist_dual"
"Classical-Monocytes","CD14 Mono",26843,166,1040,2,0.748125277885665,28051,0.957006880325122,0.487303024661119,"vaccine","AUCell","gmm_dist_dual"
"Classical-Monocytes","CD16 Mono",432,2,2,0,1.04657484919556,436,0.990825688073395,0.497695851387798,"vaccine","AUCell","gmm_dist_dual"
"Classical-Monocytes","Doublet",117,0,4,0,0.946248584789437,121,0.966942148760331,0.483471070384537,"vaccine","AUCell","gmm_dist_dual"
"Classical-Monocytes","Eryth",17,0,2,0,0.633378560885077,19,0.894736842105263,0.447368397506926,"vaccine","AUCell","gmm_dist_dual"
"Classical-Monocytes","HSPC",0,0,2,0,-0.712076041969026,2,0,0,"vaccine","AUCell","gmm_dist_dual"
"Classical-Monocytes","NK_CD56bright",0,0,1,0,-0.500827986302051,1,0,0,"vaccine","AUCell","gmm_dist_dual"
"Classical-Monocytes","Platelet",32,0,46,0,2.46169153928647,78,0.41025641025641,0.205128202498356,"vaccine","AUCell","gmm_dist_dual"
"Classical-Monocytes","cDC1",4,0,1,0,2.25345563610625,5,0.8,0.399999920000016,"vaccine","AUCell","gmm_dist_dual"
"Classical-Monocytes","cDC2_1",209,1,0,0,1.99705594828962,210,0.995238095238095,0.499999997607656,"vaccine","AUCell","gmm_dist_dual"
"Classical-Monocytes","cDC2_2",48,0,1,0,2.16995586909891,49,0.979591836734694,0.489795908371512,"vaccine","AUCell","gmm_dist_dual"
"Classical-Monocytes","pDC",4,0,2,0,4.84864356331735,6,0.666666666666667,0.333333277777787,"vaccine","AUCell","gmm_dist_dual"
"DCs","ASDC_mDC",0,1,0,0,1.95093697580122,1,0,0,"vaccine","AUCell","gmm_dist_dual"
"DCs","CD14 Mono",92,7,5,0,0.712208861277796,109,0.844036697247706,0.474226799234775,"vaccine","AUCell","gmm_dist_dual"
"DCs","CD16 Mono",65,6,3,0,0.522245569261772,76,0.855263157894737,0.477941169442042,"vaccine","AUCell","gmm_dist_dual"
"DCs","CD4 CTL",0,0,3,0,-0.678517166308612,4,0,0,"vaccine","AUCell","gmm_dist_dual"
"DCs","CD4 Naive",0,0,19,9,-0.713369519059312,40,0.225,0.499999944444451,"vaccine","AUCell","gmm_dist_dual"
"DCs","CD4 Proliferating",1,0,5,0,-0.636902798038517,7,0.142857142857143,0.0833333194444468,"vaccine","AUCell","gmm_dist_dual"
"DCs","CD4 TCM_1",0,0,18,4,-0.626885375727705,30,0.133333333333333,0.499999875000031,"vaccine","AUCell","gmm_dist_dual"
"DCs","CD4 TCM_2",0,0,6,0,-0.833865553069128,10,0,0,"vaccine","AUCell","gmm_dist_dual"
"DCs","CD4 TCM_3",0,0,18,2,-0.701763989590248,24,0.0833333333333333,0.499999750000125,"vaccine","AUCell","gmm_dist_dual"
"DCs","CD4 TEM_1",0,0,1,1,-0.623618899020439,3,0.333333333333333,0.4999995000005,"vaccine","AUCell","gmm_dist_dual"
"DCs","CD4 TEM_3",0,0,5,2,-0.707413431259546,9,0.222222222222222,0.499999750000125,"vaccine","AUCell","gmm_dist_dual"
"DCs","CD8 Naive",0,0,29,6,-0.702018675066761,44,0.136363636363636,0.499999916666681,"vaccine","AUCell","gmm_dist_dual"
"DCs","CD8 Naive_2",0,0,1,0,-0.762026908404952,2,0,0,"vaccine","AUCell","gmm_dist_dual"
"DCs","CD8 Proliferating",0,0,3,0,-0.71986472122236,3,0,0,"vaccine","AUCell","gmm_dist_dual"
"DCs","CD8 TCM_1",0,0,2,0,-0.763290581875646,5,0,0,"vaccine","AUCell","gmm_dist_dual"
"DCs","CD8 TCM_2",0,0,2,1,-0.53575782846369,4,0.25,0.4999995000005,"vaccine","AUCell","gmm_dist_dual"
"DCs","CD8 TCM_3",0,0,2,0,-0.650481894812553,3,0,0,"vaccine","AUCell","gmm_dist_dual"
"DCs","CD8 TEM_1",0,0,6,0,-0.615512314491458,8,0,0,"vaccine","AUCell","gmm_dist_dual"
"DCs","CD8 TEM_2",0,0,3,0,-0.714778236812019,3,0,0,"vaccine","AUCell","gmm_dist_dual"
"DCs","CD8 TEM_4",0,0,2,0,-0.815315780235165,7,0,0,"vaccine","AUCell","gmm_dist_dual"
"DCs","CD8 TEM_5",0,0,1,0,-0.832959523033536,1,0,0,"vaccine","AUCell","gmm_dist_dual"
"DCs","Doublet",14,0,2,1,1.07704465379858,19,0.789473684210526,0.937499472656752,"vaccine","AUCell","gmm_dist_dual"
"DCs","Eryth",0,0,0,0,0.631709558187934,1,0,0,"vaccine","AUCell","gmm_dist_dual"
"DCs","HSPC",0,0,4,0,-0.228661332189353,4,0,0,"vaccine","AUCell","gmm_dist_dual"
"DCs","MAIT",0,0,3,0,-0.564170612474579,3,0,0,"vaccine","AUCell","gmm_dist_dual"
"DCs","NK Proliferating",0,0,4,0,-0.443366607728981,4,0,0,"vaccine","AUCell","gmm_dist_dual"
"DCs","NK_1",0,0,0,1,-0.938583550867023,1,1,0.4999995000005,"vaccine","AUCell","gmm_dist_dual"
"DCs","NK_2",0,0,1,0,-0.769298991585362,1,0,0,"vaccine","AUCell","gmm_dist_dual"
"DCs","NK_3",0,0,1,0,-1.09821173740093,2,0,0,"vaccine","AUCell","gmm_dist_dual"
"DCs","NK_CD56bright",0,0,0,0,-0.302693523255488,1,0,0,"vaccine","AUCell","gmm_dist_dual"
"DCs","Platelet",16,0,20,0,2.00418610947197,39,0.41025641025641,0.222222216049383,"vaccine","AUCell","gmm_dist_dual"
"DCs","Treg Memory",0,0,2,0,-0.62767219128493,2,0,0,"vaccine","AUCell","gmm_dist_dual"
"DCs","Treg Naive",0,0,3,1,-0.603054401502069,4,0.25,0.4999995000005,"vaccine","AUCell","gmm_dist_dual"
"DCs","cDC1",2,0,1,0,2.15097887050166,3,0.666666666666667,0.333333222222259,"vaccine","AUCell","gmm_dist_dual"
"DCs","cDC2_1",18,0,0,0,1.86299642892555,18,1,0.499999972222224,"vaccine","AUCell","gmm_dist_dual"
"DCs","cDC2_2",45,12,1,0,2.16370604377839,58,0.775862068965517,0.489130424149339,"vaccine","AUCell","gmm_dist_dual"
"DCs","dnT_2",0,0,1,0,-0.639355210164932,1,0,0,"vaccine","AUCell","gmm_dist_dual"
"DCs","gdT_1",0,0,1,0,-0.639116781208197,1,0,0,"vaccine","AUCell","gmm_dist_dual"
"DCs","gdT_2",0,0,0,2,-0.574860177368186,2,1,0.499999750000125,"vaccine","AUCell","gmm_dist_dual"
"DCs","gdT_3",0,0,1,1,-0.620280893626153,2,0.5,0.4999995000005,"vaccine","AUCell","gmm_dist_dual"
"DCs","pDC",5,0,1,0,4.4172461042653,6,0.833333333333333,0.416666597222234,"vaccine","AUCell","gmm_dist_dual"
"Early-NK-cells","CD14 Mono",0,0,1,0,-0.378037073583664,1,0,0,"vaccine","AUCell","gmm_dist_dual"
"Early-NK-cells","CD16 Mono",1,2,0,0,0.538388464521959,5,0.2,0.4999995000005,"vaccine","AUCell","gmm_dist_dual"
"Early-NK-cells","CD4 Naive",0,0,0,0,-0.187293908195877,1,0,0,"vaccine","AUCell","gmm_dist_dual"
"Early-NK-cells","CD4 TCM_1",0,0,0,0,-0.825568225374759,1,0,0,"vaccine","AUCell","gmm_dist_dual"
"Early-NK-cells","CD8 TEM_2",0,0,0,2,-0.899242773005792,2,1,0.499999750000125,"vaccine","AUCell","gmm_dist_dual"
"Early-NK-cells","CD8 TEM_4",0,0,0,4,-0.717142657299639,4,1,0.499999875000031,"vaccine","AUCell","gmm_dist_dual"
"Early-NK-cells","CD8 TEM_5",0,0,1,11,-0.851099992825103,12,0.916666666666667,0.499999954545459,"vaccine","AUCell","gmm_dist_dual"
"Early-NK-cells","NK Proliferating",0,0,0,28,-0.819525284574758,29,0.96551724137931,0.499999982142858,"vaccine","AUCell","gmm_dist_dual"
"Early-NK-cells","NK_1",0,8,9,553,-0.815104122249011,570,0.970175438596491,0.49286987434426,"vaccine","AUCell","gmm_dist_dual"
"Early-NK-cells","NK_2",1,4,3,251,-0.808608828284268,262,0.961832061068702,0.617156829565079,"vaccine","AUCell","gmm_dist_dual"
"Early-NK-cells","NK_3",0,1,1,31,-0.711086200542581,33,0.939393939393939,0.484374984863282,"vaccine","AUCell","gmm_dist_dual"
"Early-NK-cells","NK_4",0,1,0,16,-0.664895159001047,17,0.941176470588235,0.470588207612458,"vaccine","AUCell","gmm_dist_dual"
"Early-NK-cells","NK_CD56bright",0,1,0,0,0.353462965678499,1,0,0,"vaccine","AUCell","gmm_dist_dual"
"Early-NK-cells","cDC2_2",0,0,0,0,2.0043450621098,1,0,0,"vaccine","AUCell","gmm_dist_dual"
"Early-NK-cells","gdT_2",0,0,0,1,-1.12932671625481,1,1,0.4999995000005,"vaccine","AUCell","gmm_dist_dual"
"Early-NK-cells","pDC",2,0,0,0,4.91425126457885,4,0.5,0.499999750000125,"vaccine","AUCell","gmm_dist_dual"
"Intermediate-Monocytes","CD14 Mono",531,15,29,0,0.76293753870229,575,0.923478260869565,0.474107142010523,"vaccine","AUCell","gmm_dist_dual"
"Intermediate-Monocytes","CD16 Mono",1917,33,50,1,0.652759582138816,2001,0.958520739630185,0.501996171454075,"vaccine","AUCell","gmm_dist_dual"
"Intermediate-Monocytes","Doublet",128,0,0,0,0.816775134043475,128,1,0.49999999609375,"vaccine","AUCell","gmm_dist_dual"
"Intermediate-Monocytes","HSPC",1,0,0,0,0.128147601564176,1,1,0.4999995000005,"vaccine","AUCell","gmm_dist_dual"
"Intermediate-Monocytes","Platelet",1,0,1,0,0.57210231900425,2,0.5,0.249999875000062,"vaccine","AUCell","gmm_dist_dual"
"Intermediate-Monocytes","cDC2_1",1,0,0,0,1.77688383738486,1,1,0.4999995000005,"vaccine","AUCell","gmm_dist_dual"
"Intermediate-Monocytes","pDC",1,0,0,0,3.09563439708467,1,1,0.4999995000005,"vaccine","AUCell","gmm_dist_dual"
"Late-NK-cells","ASDC_mDC",0,21,0,1,2.64769141345922,22,0.0454545454545455,0.0227272716942149,"vaccine","AUCell","gmm_dist_dual"
"Late-NK-cells","ASDC_pDC",3,22,0,0,3.49779728698828,25,0.12,0.499999833333389,"vaccine","AUCell","gmm_dist_dual"
"Late-NK-cells","B intermediate kappa",0,0,0,2,1.49017301691134,2,1,0.499999750000125,"vaccine","AUCell","gmm_dist_dual"
"Late-NK-cells","B intermediate lambda",0,0,0,1,0.526800817224651,1,1,0.4999995000005,"vaccine","AUCell","gmm_dist_dual"
"Late-NK-cells","B memory kappa",0,0,0,3,1.29899273176954,3,1,0.499999833333389,"vaccine","AUCell","gmm_dist_dual"
"Late-NK-cells","B memory lambda",0,0,0,1,0.212789881205007,1,1,0.4999995000005,"vaccine","AUCell","gmm_dist_dual"
"Late-NK-cells","B naive kappa",0,0,0,1,1.49053066034644,1,1,0.4999995000005,"vaccine","AUCell","gmm_dist_dual"
"Late-NK-cells","CD14 Mono",3,4,0,1,0.747615834780606,8,0.5,0.599999813333393,"vaccine","AUCell","gmm_dist_dual"
"Late-NK-cells","CD16 Mono",462,552,24,33,0.350978050631746,1071,0.46218487394958,0.503513769154222,"vaccine","AUCell","gmm_dist_dual"
"Late-NK-cells","CD4 CTL",0,0,0,1,-1.20967727467441,1,1,0.4999995000005,"vaccine","AUCell","gmm_dist_dual"
"Late-NK-cells","CD4 Naive",0,0,0,84,-0.626846205256242,84,1,0.499999994047619,"vaccine","AUCell","gmm_dist_dual"
"Late-NK-cells","CD4 Proliferating",0,0,0,1,-0.600252861260435,1,1,0.4999995000005,"vaccine","AUCell","gmm_dist_dual"
"Late-NK-cells","CD4 TCM_1",0,0,0,5,-0.646031220953504,5,1,0.49999990000002,"vaccine","AUCell","gmm_dist_dual"
"Late-NK-cells","CD4 TCM_2",0,0,0,1,-0.973394178550294,1,1,0.4999995000005,"vaccine","AUCell","gmm_dist_dual"
"Late-NK-cells","CD4 TEM_1",0,0,0,1,-0.0351762337991164,1,1,0.4999995000005,"vaccine","AUCell","gmm_dist_dual"
"Late-NK-cells","CD4 TEM_2",0,0,0,1,-0.383759368545297,1,1,0.4999995000005,"vaccine","AUCell","gmm_dist_dual"
"Late-NK-cells","CD8 Naive",0,0,0,229,-0.634588713379204,229,1,0.499999997816594,"vaccine","AUCell","gmm_dist_dual"
"Late-NK-cells","CD8 Naive_2",0,0,1,3,-0.70599610357229,4,0.75,0.499999833333389,"vaccine","AUCell","gmm_dist_dual"
"Late-NK-cells","CD8 Proliferating",0,0,0,2,-0.788015664689038,2,1,0.499999750000125,"vaccine","AUCell","gmm_dist_dual"
"Late-NK-cells","CD8 TCM_1",0,0,0,6,-0.790161525299651,6,1,0.499999916666681,"vaccine","AUCell","gmm_dist_dual"
"Late-NK-cells","CD8 TCM_2",0,0,0,9,-0.782359599993164,9,1,0.499999944444451,"vaccine","AUCell","gmm_dist_dual"
"Late-NK-cells","CD8 TEM_1",0,1,0,29,-0.514291274725673,30,0.966666666666667,0.483333317222223,"vaccine","AUCell","gmm_dist_dual"
"Late-NK-cells","CD8 TEM_2",0,1,0,60,-0.706568723935595,61,0.983606557377049,0.491803270626176,"vaccine","AUCell","gmm_dist_dual"
"Late-NK-cells","CD8 TEM_3",0,1,0,8,-0.521014971305592,9,0.888888888888889,0.444444395061734,"vaccine","AUCell","gmm_dist_dual"
"Late-NK-cells","CD8 TEM_4",0,0,0,34,-0.737896495460122,34,1,0.499999985294118,"vaccine","AUCell","gmm_dist_dual"
"Late-NK-cells","CD8 TEM_5",0,0,1,31,-0.836507906919059,34,0.911764705882353,0.499999983870968,"vaccine","AUCell","gmm_dist_dual"
"Late-NK-cells","CD8 TEM_6",0,0,0,73,-0.580100715191212,73,1,0.499999993150685,"vaccine","AUCell","gmm_dist_dual"
"Late-NK-cells","Doublet",11,0,0,0,0.813760904334755,11,1,0.499999954545459,"vaccine","AUCell","gmm_dist_dual"
"Late-NK-cells","HSPC",0,1,5,51,-0.216018323036182,57,0.894736842105263,0.490384605954142,"vaccine","AUCell","gmm_dist_dual"
"Late-NK-cells","ILC",0,0,1,89,-0.491455079091746,90,0.988888888888889,0.499999994382023,"vaccine","AUCell","gmm_dist_dual"
"Late-NK-cells","MAIT",0,0,0,9,-0.62767219128493,9,1,0.499999944444451,"vaccine","AUCell","gmm_dist_dual"
"Late-NK-cells","NK Proliferating",0,11,6,357,-0.748427287526583,377,0.946949602122016,0.485054346508004,"vaccine","AUCell","gmm_dist_dual"
"Late-NK-cells","NK_1",0,31,23,2203,-0.817752622325567,2332,0.944682675814751,0.493061772384484,"vaccine","AUCell","gmm_dist_dual"
"Late-NK-cells","NK_2",1,127,79,7628,-0.795880674281647,7882,0.9679015478305,0.498061734223382,"vaccine","AUCell","gmm_dist_dual"
"Late-NK-cells","NK_3",0,55,7,1581,-0.72757870723008,1645,0.961094224924012,0.483190708751106,"vaccine","AUCell","gmm_dist_dual"
"Late-NK-cells","NK_4",1,48,8,1098,-0.706262582994523,1156,0.950692041522491,0.534613140587728,"vaccine","AUCell","gmm_dist_dual"
"Late-NK-cells","NK_CD56bright",1,45,7,590,-0.484980803838642,643,0.919129082426128,0.527066920589758,"vaccine","AUCell","gmm_dist_dual"
"Late-NK-cells","Plasma",0,0,1,14,-0.40032223340647,15,0.933333333333333,0.499999964285717,"vaccine","AUCell","gmm_dist_dual"
"Late-NK-cells","Plasmablast",0,0,0,2,-0.543029911644099,2,1,0.499999750000125,"vaccine","AUCell","gmm_dist_dual"
"Late-NK-cells","Platelet",10,1,10,5,1.18530491434803,26,0.576923076923077,0.666666584722234,"vaccine","AUCell","gmm_dist_dual"
"Late-NK-cells","Treg Memory",0,0,0,4,-0.773054247653934,4,1,0.499999875000031,"vaccine","AUCell","gmm_dist_dual"
"Late-NK-cells","Treg Naive",0,0,0,11,-0.310019794835155,11,1,0.499999954545459,"vaccine","AUCell","gmm_dist_dual"
"Late-NK-cells","cDC1",7,1,4,2,2.19129039482959,14,0.642857142857143,0.65151501147846,"vaccine","AUCell","gmm_dist_dual"
"Late-NK-cells","cDC2_1",2,1,1,0,1.18432827265986,4,0.5,0.333333222222259,"vaccine","AUCell","gmm_dist_dual"
"Late-NK-cells","cDC2_2",50,117,2,1,1.92193787964818,171,0.298245614035088,0.485006509623353,"vaccine","AUCell","gmm_dist_dual"
"Late-NK-cells","dnT_1",0,0,0,5,-0.553282356783693,5,1,0.49999990000002,"vaccine","AUCell","gmm_dist_dual"
"Late-NK-cells","dnT_2",0,0,0,6,-0.606173847019348,6,1,0.499999916666681,"vaccine","AUCell","gmm_dist_dual"
"Late-NK-cells","gdT_1",0,0,0,1,-0.369930489054683,1,1,0.4999995000005,"vaccine","AUCell","gmm_dist_dual"
"Late-NK-cells","gdT_2",0,1,0,6,-0.485159797716626,7,0.857142857142857,0.428571367346948,"vaccine","AUCell","gmm_dist_dual"
"Late-NK-cells","gdT_3",0,0,0,84,-0.616565375717037,84,1,0.499999994047619,"vaccine","AUCell","gmm_dist_dual"
"Late-NK-cells","gdT_4",0,0,0,12,-0.643547585987518,12,1,0.499999958333337,"vaccine","AUCell","gmm_dist_dual"
"Late-NK-cells","pDC",326,216,121,74,4.77481749376123,738,0.5420054200542,0.492239449488695,"vaccine","AUCell","gmm_dist_dual"
"Monocytes","ASDC_mDC",3,1,0,0,2.23645565149106,4,0.75,0.499999833333389,"vaccine","AUCell","gmm_dist_dual"
"Monocytes","CD14 Mono",263,1,6,0,1.17244700451769,270,0.974074074074074,0.488847581825845,"vaccine","AUCell","gmm_dist_dual"
"Monocytes","CD16 Mono",56,4,2,1,0.726010102869828,63,0.904761904761905,0.582758592366235,"vaccine","AUCell","gmm_dist_dual"
"Monocytes","CD4 TEM_1",0,0,1,0,-0.380182934194276,1,0,0,"vaccine","AUCell","gmm_dist_dual"
"Monocytes","Doublet",3,0,0,0,0.603654417612147,3,1,0.499999833333389,"vaccine","AUCell","gmm_dist_dual"
"Monocytes","Eryth",1,0,0,0,1.76448553163465,1,1,0.4999995000005,"vaccine","AUCell","gmm_dist_dual"
"Monocytes","HSPC",1,0,41,0,-0.330697571911974,42,0.0238095238095238,0.0119047616213152,"vaccine","AUCell","gmm_dist_dual"
"Monocytes","ILC",0,0,1,0,-1.01368867223846,1,0,0,"vaccine","AUCell","gmm_dist_dual"
"Monocytes","NK Proliferating",0,0,2,0,-0.655806808179628,2,0,0,"vaccine","AUCell","gmm_dist_dual"
"Monocytes","NK_2",0,0,3,0,-0.808719245765504,3,0,0,"vaccine","AUCell","gmm_dist_dual"
"Monocytes","NK_4",0,0,2,0,-0.91378693936661,2,0,0,"vaccine","AUCell","gmm_dist_dual"
"Monocytes","NK_CD56bright",1,0,5,0,-0.60700834836792,6,0.166666666666667,0.0833333194444468,"vaccine","AUCell","gmm_dist_dual"
"Monocytes","Platelet",12,0,32,0,2.44619726965866,44,0.272727272727273,0.136363633264463,"vaccine","AUCell","gmm_dist_dual"
"Monocytes","cDC1",13,0,5,0,2.31043485834459,18,0.722222222222222,0.361111091049384,"vaccine","AUCell","gmm_dist_dual"
"Monocytes","cDC2_1",366,0,1,0,2.01033956887762,367,0.997275204359673,0.498637600821151,"vaccine","AUCell","gmm_dist_dual"
"Monocytes","cDC2_2",1159,1,8,0,2.23213228944082,1168,0.992294520547945,0.49657240745795,"vaccine","AUCell","gmm_dist_dual"
"Monocytes","dnT_2",0,0,1,0,-0.346564451294679,1,0,0,"vaccine","AUCell","gmm_dist_dual"
"Monocytes","pDC",4,0,2,0,4.79221537689013,6,0.666666666666667,0.333333277777787,"vaccine","AUCell","gmm_dist_dual"
"NK-cells","NK_1",0,0,0,1,-1.04230014704663,1,1,0.4999995000005,"vaccine","AUCell","gmm_dist_dual"
"Naive-B-cells","B intermediate kappa",0,7,0,294,1.37676846798971,302,0.973509933774834,0.488372091400757,"vaccine","AUCell","gmm_dist_dual"
"Naive-B-cells","B intermediate lambda",0,25,0,397,1.32858441451095,423,0.938534278959811,0.470379145804789,"vaccine","AUCell","gmm_dist_dual"
"Naive-B-cells","B memory kappa",0,2,0,334,1.17014351326193,338,0.988165680473373,0.497023808044572,"vaccine","AUCell","gmm_dist_dual"
"Naive-B-cells","B memory lambda",0,3,0,208,1.14190028967487,212,0.981132075471698,0.492890992924687,"vaccine","AUCell","gmm_dist_dual"
"Naive-B-cells","B naive kappa",0,82,0,3063,1.339357418218,3159,0.969610636277303,0.48696343386742,"vaccine","AUCell","gmm_dist_dual"
"Naive-B-cells","B naive lambda",0,46,0,1939,1.36746790520391,1998,0.970470470470471,0.488413097990724,"vaccine","AUCell","gmm_dist_dual"
"Naive-B-cells","CD14 Mono",0,2,0,0,0.331289072702169,2,0,0,"vaccine","AUCell","gmm_dist_dual"
"Naive-B-cells","Doublet",0,1,0,0,1.90015160801672,1,0,0,"vaccine","AUCell","gmm_dist_dual"
"Naive-B-cells","Eryth",0,0,0,1,1.31886181149744,1,1,0.4999995000005,"vaccine","AUCell","gmm_dist_dual"
"Naive-B-cells","NK Proliferating",0,0,0,1,-0.95002814079029,1,1,0.4999995000005,"vaccine","AUCell","gmm_dist_dual"
"Naive-B-cells","NK_1",0,0,0,17,-0.819475040924871,18,0.944444444444444,0.499999970588237,"vaccine","AUCell","gmm_dist_dual"
"Naive-B-cells","NK_2",0,0,0,2,-0.977328256336417,2,1,0.499999750000125,"vaccine","AUCell","gmm_dist_dual"
"Naive-B-cells","NK_3",0,0,0,2,-0.753801109397604,2,1,0.499999750000125,"vaccine","AUCell","gmm_dist_dual"
"Naive-B-cells","NK_4",0,1,0,1,-0.344299376205699,2,0.5,0.249999875000062,"vaccine","AUCell","gmm_dist_dual"
"Naive-B-cells","Plasma",0,0,0,3,-0.508775618193209,3,1,0.499999833333389,"vaccine","AUCell","gmm_dist_dual"
"Naive-B-cells","Plasmablast",0,0,0,2,-0.435379237678367,2,1,0.499999750000125,"vaccine","AUCell","gmm_dist_dual"
"Naive-B-cells","Platelet",0,0,0,5,1.93152885872301,5,1,0.49999990000002,"vaccine","AUCell","gmm_dist_dual"
"Naive-B-cells","cDC2_2",0,1,0,0,1.64002561621912,1,0,0,"vaccine","AUCell","gmm_dist_dual"
"Naive-B-cells","gdT_4",0,0,0,1,-1.20586241136666,1,1,0.4999995000005,"vaccine","AUCell","gmm_dist_dual"
"Neutrophils","CD14 Mono",112,57,29,15,0.148825996483241,213,0.596244131455399,0.501329782970524,"vaccine","AUCell","gmm_dist_dual"
"Neutrophils","Doublet",2,0,0,0,0.454676057812394,2,1,0.499999750000125,"vaccine","AUCell","gmm_dist_dual"
"Neutrophils","HSPC",0,0,0,1,-0.769298991585362,1,1,0.4999995000005,"vaccine","AUCell","gmm_dist_dual"
"Neutrophils","NK_1",0,0,0,1,-0.879214740640074,1,1,0.4999995000005,"vaccine","AUCell","gmm_dist_dual"
"Neutrophils","NK_2",0,0,0,2,-1.13814858765399,3,0.666666666666667,0.499999750000125,"vaccine","AUCell","gmm_dist_dual"
"Neutrophils","NK_3",0,0,0,1,-0.910687362929059,1,1,0.4999995000005,"vaccine","AUCell","gmm_dist_dual"
"Neutrophils","Platelet",2,0,2,0,2.08417107682458,5,0.4,0.249999937500016,"vaccine","AUCell","gmm_dist_dual"
"Non-classical-Monocytes","CD14 Mono",2,2,2,0,0.605283682149834,6,0.333333333333333,0.249999937500016,"vaccine","AUCell","gmm_dist_dual"
"Non-classical-Monocytes","CD16 Mono",990,150,30,8,0.487270591567576,1178,0.847198641765705,0.510610572707252,"vaccine","AUCell","gmm_dist_dual"
"Non-classical-Monocytes","Doublet",47,0,0,0,0.856832149954259,47,1,0.499999989361702,"vaccine","AUCell","gmm_dist_dual"
"Non-classical-Monocytes","NK Proliferating",0,0,0,1,-0.620757751539623,1,1,0.4999995000005,"vaccine","AUCell","gmm_dist_dual"
"Non-classical-Monocytes","NK_1",0,0,0,2,-0.976970612901315,2,1,0.499999750000125,"vaccine","AUCell","gmm_dist_dual"
"Non-classical-Monocytes","NK_2",0,0,1,18,-0.692813492043351,19,0.947368421052632,0.499999972222224,"vaccine","AUCell","gmm_dist_dual"
"Non-classical-Monocytes","NK_4",0,0,0,2,-0.774544428633526,2,1,0.499999750000125,"vaccine","AUCell","gmm_dist_dual"
"Non-classical-Monocytes","Platelet",1,0,1,0,2.60077509738173,2,0.5,0.249999875000062,"vaccine","AUCell","gmm_dist_dual"
"Non-classical-Monocytes","cDC2_1",4,1,0,0,1.91817683714586,5,0.8,0.499999875000031,"vaccine","AUCell","gmm_dist_dual"
"Non-classical-Monocytes","cDC2_2",10,2,0,0,2.47250031865845,12,0.833333333333333,0.499999950000005,"vaccine","AUCell","gmm_dist_dual"
"Non-classical-Monocytes","pDC",1,1,0,0,3.52230301516148,2,0.5,0.4999995000005,"vaccine","AUCell","gmm_dist_dual"
"T-cells-CD4","ASDC_mDC",0,0,0,1,2.12141367986655,1,1,0.4999995000005,"vaccine","AUCell","gmm_dist_dual"
"T-cells-CD4","ASDC_pDC",0,3,0,2,3.56538712764345,5,0.4,0.199999960000008,"vaccine","AUCell","gmm_dist_dual"
"T-cells-CD4","CD14 Mono",2,9,0,2,0.516603394151996,13,0.307692307692308,0.590908832644754,"vaccine","AUCell","gmm_dist_dual"
"T-cells-CD4","CD16 Mono",0,7,0,0,0.256933299480466,7,0,0,"vaccine","AUCell","gmm_dist_dual"
"T-cells-CD4","CD4 CTL",1,22,40,1380,-0.659221768575123,1450,0.952413793103448,0.504349186923282,"vaccine","AUCell","gmm_dist_dual"
"T-cells-CD4","CD4 Naive",0,9,20,16926,-0.622102313773092,16965,0.997701149425287,0.499734278092723,"vaccine","AUCell","gmm_dist_dual"
"T-cells-CD4","CD4 Proliferating",0,0,9,41,-0.745089282132296,52,0.788461538461538,0.499999987804878,"vaccine","AUCell","gmm_dist_dual"
"T-cells-CD4","CD4 TCM_1",0,2,10,7664,-0.63753292284438,7684,0.997397188964081,0.499869553809044,"vaccine","AUCell","gmm_dist_dual"
"T-cells-CD4","CD4 TCM_2",0,0,23,504,-0.767990111263325,529,0.952741020793951,0.499999999007937,"vaccine","AUCell","gmm_dist_dual"
"T-cells-CD4","CD4 TCM_3",0,4,14,5408,-0.627285364567133,5429,0.996131884324922,0.499630450757644,"vaccine","AUCell","gmm_dist_dual"
"T-cells-CD4","CD4 TEM_1",0,6,5,1407,-0.604988652209966,1418,0.992242595204513,0.497876857397115,"vaccine","AUCell","gmm_dist_dual"
"T-cells-CD4","CD4 TEM_2",0,2,0,405,-0.590856885739383,407,0.995085995085995,0.497542996320533,"vaccine","AUCell","gmm_dist_dual"
"T-cells-CD4","CD4 TEM_3",1,3,7,1804,-0.625257458394543,1817,0.993395707209686,0.561669886764607,"vaccine","AUCell","gmm_dist_dual"
"T-cells-CD4","CD4 TEM_4",0,0,1,73,-0.640378865152513,75,0.973333333333333,0.499999993150685,"vaccine","AUCell","gmm_dist_dual"
"T-cells-CD4","CD8 Naive",0,0,0,1,-0.746171382782093,1,1,0.4999995000005,"vaccine","AUCell","gmm_dist_dual"
"T-cells-CD4","CD8 Proliferating",0,0,1,7,-0.605230065732273,8,0.875,0.499999928571439,"vaccine","AUCell","gmm_dist_dual"
"T-cells-CD4","CD8 TCM_2",0,0,0,3,-0.620678275220711,3,1,0.499999833333389,"vaccine","AUCell","gmm_dist_dual"
"T-cells-CD4","CD8 TCM_3",0,0,0,7,-0.569359280723521,7,1,0.499999928571439,"vaccine","AUCell","gmm_dist_dual"
"T-cells-CD4","CD8 TEM_2",0,0,1,0,-0.611459022226968,1,0,0,"vaccine","AUCell","gmm_dist_dual"
"T-cells-CD4","CD8 TEM_4",0,0,0,2,-0.671781548280856,2,1,0.499999750000125,"vaccine","AUCell","gmm_dist_dual"
"T-cells-CD4","CD8 TEM_5",0,0,0,1,-0.783127871075976,1,1,0.4999995000005,"vaccine","AUCell","gmm_dist_dual"
"T-cells-CD4","Doublet",0,0,0,20,-0.770455372025525,20,1,0.499999975000001,"vaccine","AUCell","gmm_dist_dual"
"T-cells-CD4","Eryth",0,0,0,13,-0.429904542017958,13,1,0.499999961538465,"vaccine","AUCell","gmm_dist_dual"
"T-cells-CD4","HSPC",0,0,0,15,-0.442571844539865,15,1,0.499999966666669,"vaccine","AUCell","gmm_dist_dual"
"T-cells-CD4","MAIT",0,7,0,678,-0.544794285923936,685,0.98978102189781,0.494890510226437,"vaccine","AUCell","gmm_dist_dual"
"T-cells-CD4","NK Proliferating",0,0,0,15,-0.664835318007984,15,1,0.499999966666669,"vaccine","AUCell","gmm_dist_dual"
"T-cells-CD4","NK_1",0,0,0,4,-0.909018360231916,4,1,0.499999875000031,"vaccine","AUCell","gmm_dist_dual"
"T-cells-CD4","NK_2",0,0,0,5,-0.606452014135539,5,1,0.49999990000002,"vaccine","AUCell","gmm_dist_dual"
"T-cells-CD4","NK_3",0,0,0,4,-0.612829988728193,4,1,0.499999875000031,"vaccine","AUCell","gmm_dist_dual"
"T-cells-CD4","NK_CD56bright",0,0,0,3,-0.518948587013891,3,1,0.499999833333389,"vaccine","AUCell","gmm_dist_dual"
"T-cells-CD4","Platelet",3,0,3,15,0.0438196146390414,22,0.818181818181818,0.749999925000009,"vaccine","AUCell","gmm_dist_dual"
"T-cells-CD4","Treg Memory",0,1,3,1140,-0.680808144019855,1146,0.994764397905759,0.499561787467518,"vaccine","AUCell","gmm_dist_dual"
"T-cells-CD4","Treg Naive",0,0,2,1246,-0.677117851768896,1249,0.99759807846277,0.499999999598716,"vaccine","AUCell","gmm_dist_dual"
"T-cells-CD4","cDC1",2,3,0,0,2.20157349512077,5,0.4,0.499999750000125,"vaccine","AUCell","gmm_dist_dual"
"T-cells-CD4","cDC2_1",3,1,0,0,2.00553720689347,4,0.75,0.499999833333389,"vaccine","AUCell","gmm_dist_dual"
"T-cells-CD4","cDC2_2",1,11,0,0,2.0100474879917,12,0.0833333333333333,0.4999995000005,"vaccine","AUCell","gmm_dist_dual"
"T-cells-CD4","dnT_1",0,0,0,10,-0.483494201147436,10,1,0.499999950000005,"vaccine","AUCell","gmm_dist_dual"
"T-cells-CD4","dnT_2",0,0,0,29,-0.607948361381253,29,1,0.499999982758621,"vaccine","AUCell","gmm_dist_dual"
"T-cells-CD4","gdT_1",0,0,0,6,-0.517438536954571,6,1,0.499999916666681,"vaccine","AUCell","gmm_dist_dual"
"T-cells-CD4","gdT_2",0,0,0,5,-0.573262703358064,5,1,0.49999990000002,"vaccine","AUCell","gmm_dist_dual"
"T-cells-CD4","gdT_3",0,0,0,7,-0.560639593162936,7,1,0.499999928571439,"vaccine","AUCell","gmm_dist_dual"
"T-cells-CD4","gdT_4",0,0,0,1,-0.986507771170704,1,1,0.4999995000005,"vaccine","AUCell","gmm_dist_dual"
"T-cells-CD4","pDC",7,2,0,0,4.96481144945977,9,0.777777777777778,0.499999928571439,"vaccine","AUCell","gmm_dist_dual"
"T-cells-CD8","CD14 Mono",0,5,0,0,0.89898841868757,5,0,0,"vaccine","AUCell","gmm_dist_dual"
"T-cells-CD8","CD4 Naive",0,0,0,2,-0.700512237567391,2,1,0.499999750000125,"vaccine","AUCell","gmm_dist_dual"
"T-cells-CD8","CD4 Proliferating",0,0,2,6,-0.615184474675948,8,0.75,0.499999916666681,"vaccine","AUCell","gmm_dist_dual"
"T-cells-CD8","CD4 TCM_1",0,0,0,4,-0.790578775973937,4,1,0.499999875000031,"vaccine","AUCell","gmm_dist_dual"
"T-cells-CD8","CD4 TCM_2",0,0,0,1,-0.85131855270211,1,1,0.4999995000005,"vaccine","AUCell","gmm_dist_dual"
"T-cells-CD8","CD4 TCM_3",0,0,0,2,-0.538380546987772,2,1,0.499999750000125,"vaccine","AUCell","gmm_dist_dual"
"T-cells-CD8","CD4 TEM_3",0,0,0,1,-0.607405729962478,1,1,0.4999995000005,"vaccine","AUCell","gmm_dist_dual"
"T-cells-CD8","CD8 Naive",0,4,22,9076,-0.659282386872435,9104,0.996924428822496,0.499779735627778,"vaccine","AUCell","gmm_dist_dual"
"T-cells-CD8","CD8 Naive_2",1,1,14,222,-0.684612632641606,238,0.936974789915966,0.531091176412646,"vaccine","AUCell","gmm_dist_dual"
"T-cells-CD8","CD8 Proliferating",1,0,8,33,-0.707335847233942,42,0.80952380952381,0.555555534231202,"vaccine","AUCell","gmm_dist_dual"
"T-cells-CD8","CD8 TCM_1",0,1,8,775,-0.637651233832553,784,0.988520408163265,0.499355669459593,"vaccine","AUCell","gmm_dist_dual"
"T-cells-CD8","CD8 TCM_2",0,1,9,1082,-0.660136520828026,1092,0.990842490842491,0.499538319021664,"vaccine","AUCell","gmm_dist_dual"
"T-cells-CD8","CD8 TCM_3",0,0,2,525,-0.654296758120309,528,0.994318181818182,0.499999999047619,"vaccine","AUCell","gmm_dist_dual"
"T-cells-CD8","CD8 TEM_1",0,41,14,2097,-0.535613289202812,2156,0.972634508348794,0.49041159939644,"vaccine","AUCell","gmm_dist_dual"
"T-cells-CD8","CD8 TEM_2",0,45,23,1831,-0.704237956259951,1903,0.96216500262743,0.488006396328355,"vaccine","AUCell","gmm_dist_dual"
"T-cells-CD8","CD8 TEM_3",0,1,3,271,-0.604601805431277,275,0.985454545454545,0.498161762874405,"vaccine","AUCell","gmm_dist_dual"
"T-cells-CD8","CD8 TEM_4",0,26,30,2560,-0.797645170919516,2618,0.977845683728037,0.494972930976422,"vaccine","AUCell","gmm_dist_dual"
"T-cells-CD8","CD8 TEM_5",0,16,11,1343,-0.811953949336085,1371,0.979576951130562,0.494113318253044,"vaccine","AUCell","gmm_dist_dual"
"T-cells-CD8","CD8 TEM_6",0,0,2,306,-0.593888046707601,308,0.993506493506494,0.499999998366013,"vaccine","AUCell","gmm_dist_dual"
"T-cells-CD8","Eryth",0,1,0,16,-0.493745243763755,17,0.941176470588235,0.470588207612458,"vaccine","AUCell","gmm_dist_dual"
"T-cells-CD8","HSPC",0,0,0,2,0.0317030885649764,2,1,0.499999750000125,"vaccine","AUCell","gmm_dist_dual"
"T-cells-CD8","MAIT",0,18,9,1016,-0.523032740169234,1043,0.974113135186961,0.491295937629308,"vaccine","AUCell","gmm_dist_dual"
"T-cells-CD8","NK Proliferating",0,0,2,20,-0.667392287940966,22,0.909090909090909,0.499999975000001,"vaccine","AUCell","gmm_dist_dual"
"T-cells-CD8","NK_1",0,0,0,4,-0.92105902254702,4,1,0.499999875000031,"vaccine","AUCell","gmm_dist_dual"
"T-cells-CD8","NK_2",0,0,0,11,-0.810005317107892,11,1,0.499999954545459,"vaccine","AUCell","gmm_dist_dual"
"T-cells-CD8","NK_4",0,0,0,2,-1.02155682781071,2,1,0.499999750000125,"vaccine","AUCell","gmm_dist_dual"
"T-cells-CD8","NK_CD56bright",0,0,0,3,-0.604544582481661,3,1,0.499999833333389,"vaccine","AUCell","gmm_dist_dual"
"T-cells-CD8","Platelet",1,0,0,20,-0.612855534687843,21,1,0.999999475000501,"vaccine","AUCell","gmm_dist_dual"
"T-cells-CD8","Treg Memory",0,0,1,2,-0.663833916389698,3,0.666666666666667,0.499999750000125,"vaccine","AUCell","gmm_dist_dual"
"T-cells-CD8","Treg Naive",0,0,0,1,-1.01011223788744,1,1,0.4999995000005,"vaccine","AUCell","gmm_dist_dual"
"T-cells-CD8","dnT_1",0,0,0,9,-0.713400647284219,9,1,0.499999944444451,"vaccine","AUCell","gmm_dist_dual"
"T-cells-CD8","dnT_2",0,0,0,3,-0.463633069051433,3,1,0.499999833333389,"vaccine","AUCell","gmm_dist_dual"
"T-cells-CD8","gdT_1",0,0,1,35,-0.672218668034869,36,0.972222222222222,0.499999985714286,"vaccine","AUCell","gmm_dist_dual"
"T-cells-CD8","gdT_2",0,0,0,95,-0.814336966623307,95,1,0.499999994736842,"vaccine","AUCell","gmm_dist_dual"
"T-cells-CD8","gdT_3",0,0,0,6,-0.618492676450643,6,1,0.499999916666681,"vaccine","AUCell","gmm_dist_dual"
"T-cells-CD8","gdT_4",0,0,0,52,-0.909311811255589,52,1,0.499999990384616,"vaccine","AUCell","gmm_dist_dual"
"Total-memory-B-cells","B intermediate kappa",0,12,10,443,1.48012504885349,467,0.948608137044968,0.486813185743268,"vaccine","AUCell","gmm_dist_dual"
"Total-memory-B-cells","B intermediate lambda",1,13,19,403,1.44497217907343,437,0.924485125858124,0.509374997585637,"vaccine","AUCell","gmm_dist_dual"
"Total-memory-B-cells","B memory kappa",1,17,31,1161,1.10183972257211,1212,0.958745874587459,0.508409379398999,"vaccine","AUCell","gmm_dist_dual"
"Total-memory-B-cells","B memory lambda",0,5,24,720,1.10222227707777,751,0.958721704394141,0.496551723453032,"vaccine","AUCell","gmm_dist_dual"
"Total-memory-B-cells","B naive kappa",0,1,2,130,1.37692553690857,133,0.977443609022556,0.496183202319212,"vaccine","AUCell","gmm_dist_dual"
"Total-memory-B-cells","B naive lambda",0,0,2,19,1.17566354761853,22,0.863636363636364,0.499999973684212,"vaccine","AUCell","gmm_dist_dual"
"Total-memory-B-cells","CD16 Mono",0,2,0,0,0.638981641368343,2,0,0,"vaccine","AUCell","gmm_dist_dual"
"Total-memory-B-cells","CD4 Naive",0,0,0,1,-0.894951051784566,1,1,0.4999995000005,"vaccine","AUCell","gmm_dist_dual"
"Total-memory-B-cells","CD4 TCM_3",0,0,0,2,-0.582728332940433,2,1,0.499999750000125,"vaccine","AUCell","gmm_dist_dual"
"Total-memory-B-cells","CD8 Naive",0,0,0,1,-0.677980701155959,1,1,0.4999995000005,"vaccine","AUCell","gmm_dist_dual"
"Total-memory-B-cells","CD8 TEM_2",0,0,0,1,0.0745010862988612,1,1,0.4999995000005,"vaccine","AUCell","gmm_dist_dual"
"Total-memory-B-cells","Doublet",0,0,0,0,1.10260674773903,1,0,0,"vaccine","AUCell","gmm_dist_dual"
"Total-memory-B-cells","Eryth",0,0,0,1,0.336772938707068,1,1,0.4999995000005,"vaccine","AUCell","gmm_dist_dual"
"Total-memory-B-cells","ILC",0,0,0,1,-0.679411274896367,1,1,0.4999995000005,"vaccine","AUCell","gmm_dist_dual"
"Total-memory-B-cells","NK_3",0,1,0,0,0.0680635044670232,1,0,0,"vaccine","AUCell","gmm_dist_dual"
"Total-memory-B-cells","Plasma",0,2,7,185,-0.265258954335536,195,0.948717948717949,0.494652403771912,"vaccine","AUCell","gmm_dist_dual"
"Total-memory-B-cells","Plasmablast",0,0,0,24,-0.261775446142012,26,0.923076923076923,0.499999979166667,"vaccine","AUCell","gmm_dist_dual"
"Total-memory-B-cells","Platelet",0,0,1,0,1.7888052852216,1,0,0,"vaccine","AUCell","gmm_dist_dual"
"Total-memory-B-cells","cDC2_2",0,2,0,0,1.94998325997428,2,0,0,"vaccine","AUCell","gmm_dist_dual"
"Total-memory-B-cells","pDC",1,0,0,0,3.89818626545379,1,1,0.4999995000005,"vaccine","AUCell","gmm_dist_dual"
"cDC1","ASDC_mDC",1,1,0,0,3.27457532911409,2,0.5,0.4999995000005,"vaccine","AUCell","gmm_dist_dual"
"cDC1","CD14 Mono",0,1,0,0,0.863462504134095,1,0,0,"vaccine","AUCell","gmm_dist_dual"
"cDC1","cDC1",10,23,5,10,2.45324718040212,48,0.416666666666667,0.484848458034896,"vaccine","AUCell","gmm_dist_dual"
"cDC1","cDC2_1",0,1,0,0,2.30190440011474,1,0,0,"vaccine","AUCell","gmm_dist_dual"
"cDC1","cDC2_2",1,5,0,0,1.73193997904036,6,0.166666666666667,0.4999995000005,"vaccine","AUCell","gmm_dist_dual"
"cDC2","ASDC_pDC",1,0,0,0,1.89514459992529,1,1,0.4999995000005,"vaccine","AUCell","gmm_dist_dual"
"cDC2","CD14 Mono",2335,1820,134,64,0.696603862264284,4353,0.551114174132782,0.489848645296623,"vaccine","AUCell","gmm_dist_dual"
"cDC2","CD16 Mono",162,100,6,0,0.74795257119898,268,0.604477611940298,0.482142854272959,"vaccine","AUCell","gmm_dist_dual"
"cDC2","CD4 CTL",0,0,1,0,-0.807447624662919,1,0,0,"vaccine","AUCell","gmm_dist_dual"
"cDC2","CD4 Naive",0,0,10,12,-0.64290996915625,22,0.545454545454545,0.499999958333337,"vaccine","AUCell","gmm_dist_dual"
"cDC2","CD4 Proliferating",0,0,3,3,-0.800851090193258,6,0.5,0.499999833333389,"vaccine","AUCell","gmm_dist_dual"
"cDC2","CD4 TCM_1",0,0,10,15,-0.697179000752239,25,0.6,0.499999966666669,"vaccine","AUCell","gmm_dist_dual"
"cDC2","CD4 TCM_2",0,0,1,0,-0.942875272088248,1,0,0,"vaccine","AUCell","gmm_dist_dual"
"cDC2","CD4 TCM_3",0,0,1,6,-0.510807941205377,7,0.857142857142857,0.499999916666681,"vaccine","AUCell","gmm_dist_dual"
"cDC2","CD4 TEM_1",0,0,0,2,-0.70599610357229,2,1,0.499999750000125,"vaccine","AUCell","gmm_dist_dual"
"cDC2","CD4 TEM_2",0,0,0,1,-0.543268340600834,1,1,0.4999995000005,"vaccine","AUCell","gmm_dist_dual"
"cDC2","CD4 TEM_3",0,0,1,1,-0.643646931386157,2,0.5,0.4999995000005,"vaccine","AUCell","gmm_dist_dual"
"cDC2","CD8 Naive",1,0,3,12,-0.594351744581251,16,0.8125,0.624999927083345,"vaccine","AUCell","gmm_dist_dual"
"cDC2","CD8 Proliferating",0,0,1,0,-0.550659638259611,1,0,0,"vaccine","AUCell","gmm_dist_dual"
"cDC2","CD8 TCM_2",0,0,1,0,-0.849649550004967,1,0,0,"vaccine","AUCell","gmm_dist_dual"
"cDC2","CD8 TEM_1",0,0,4,4,-0.529469264729811,8,0.5,0.499999875000031,"vaccine","AUCell","gmm_dist_dual"
"cDC2","CD8 TEM_4",0,0,1,1,-0.476031374801639,2,0.5,0.4999995000005,"vaccine","AUCell","gmm_dist_dual"
"cDC2","CD8 TEM_5",0,0,1,1,-1.21790307368176,2,0.5,0.4999995000005,"vaccine","AUCell","gmm_dist_dual"
"cDC2","CD8 TEM_6",0,0,0,1,-0.862763142625377,1,1,0.4999995000005,"vaccine","AUCell","gmm_dist_dual"
"cDC2","Doublet",27,7,1,1,0.686071360323453,36,0.777777777777778,0.544642832110971,"vaccine","AUCell","gmm_dist_dual"
"cDC2","Eryth",2,0,0,0,0.648876443072835,2,1,0.499999750000125,"vaccine","AUCell","gmm_dist_dual"
"cDC2","HSPC",0,0,3,1,-0.564190481554307,4,0.25,0.4999995000005,"vaccine","AUCell","gmm_dist_dual"
"cDC2","MAIT",0,0,1,4,-0.539215048336344,5,0.8,0.499999875000031,"vaccine","AUCell","gmm_dist_dual"
"cDC2","NK Proliferating",0,0,1,2,-0.249126484309084,3,0.666666666666667,0.499999750000125,"vaccine","AUCell","gmm_dist_dual"
"cDC2","NK_2",0,0,1,6,-0.872981526485437,7,0.857142857142857,0.499999916666681,"vaccine","AUCell","gmm_dist_dual"
"cDC2","NK_4",0,0,0,1,-1.31959302372913,1,1,0.4999995000005,"vaccine","AUCell","gmm_dist_dual"
"cDC2","Plasma",0,0,1,1,-0.106466491862802,2,0.5,0.4999995000005,"vaccine","AUCell","gmm_dist_dual"
"cDC2","Platelet",8,1,6,0,2.13846929790498,15,0.533333333333333,0.285714265306124,"vaccine","AUCell","gmm_dist_dual"
"cDC2","Treg Naive",0,0,1,2,-0.601127100768463,3,0.666666666666667,0.499999750000125,"vaccine","AUCell","gmm_dist_dual"
"cDC2","cDC2_1",48,5,0,0,2.12538599625894,53,0.905660377358491,0.499999989583334,"vaccine","AUCell","gmm_dist_dual"
"cDC2","cDC2_2",41,10,1,0,2.37720668389272,52,0.788461538461538,0.488095226473923,"vaccine","AUCell","gmm_dist_dual"
"cDC2","gdT_1",0,0,1,0,-0.435498452156734,1,0,0,"vaccine","AUCell","gmm_dist_dual"
"cDC2","pDC",4,0,0,0,4.71385172644331,4,1,0.499999875000031,"vaccine","AUCell","gmm_dist_dual"
"pDCs","ASDC_mDC",0,3,0,0,3.17836924507163,3,0,0,"vaccine","AUCell","gmm_dist_dual"
"pDCs","ASDC_pDC",3,0,0,0,3.49031379679957,3,1,0.499999833333389,"vaccine","AUCell","gmm_dist_dual"
"pDCs","pDC",6,0,3,4,4.21674569234037,13,0.769230769230769,0.833333171296332,"vaccine","AUCell","gmm_dist_dual"
"unknown-R11","CD14 Mono",0,0,0,0,0.655373632143856,4,0,0,"vaccine","AUCell","gmm_dist_dual"
"unknown-R11","CD4 CTL",0,0,0,0,-0.842973539216395,1,0,0,"vaccine","AUCell","gmm_dist_dual"
"unknown-R11","CD4 Naive",0,0,0,0,-0.598410455685667,11,0,0,"vaccine","AUCell","gmm_dist_dual"
"unknown-R11","CD4 TCM_1",0,0,0,0,-0.568354472977281,14,0,0,"vaccine","AUCell","gmm_dist_dual"
"unknown-R11","CD4 TCM_3",0,0,0,0,-0.648068704765601,11,0,0,"vaccine","AUCell","gmm_dist_dual"
"unknown-R11","CD4 TEM_1",0,0,0,0,-0.601206577087374,2,0,0,"vaccine","AUCell","gmm_dist_dual"
"unknown-R11","CD4 TEM_2",0,0,0,0,-0.636494062684115,3,0,0,"vaccine","AUCell","gmm_dist_dual"
"unknown-R11","CD4 TEM_3",0,0,0,0,-0.649832838208108,18,0,0,"vaccine","AUCell","gmm_dist_dual"
"unknown-R11","CD8 Naive",0,0,0,0,-0.686172875566844,39,0,0,"vaccine","AUCell","gmm_dist_dual"
"unknown-R11","CD8 Naive_2",0,0,0,0,-0.962188017583761,2,0,0,"vaccine","AUCell","gmm_dist_dual"
"unknown-R11","CD8 Proliferating",0,0,0,0,-0.701704382351065,2,0,0,"vaccine","AUCell","gmm_dist_dual"
"unknown-R11","CD8 TCM_1",0,0,0,0,-0.707879692330494,5,0,0,"vaccine","AUCell","gmm_dist_dual"
"unknown-R11","CD8 TCM_2",0,0,0,0,-0.632122865143978,45,0,0,"vaccine","AUCell","gmm_dist_dual"
"unknown-R11","CD8 TCM_3",0,0,0,0,-0.842139037867823,6,0,0,"vaccine","AUCell","gmm_dist_dual"
"unknown-R11","CD8 TEM_1",0,0,0,0,-0.509629988621509,36,0,0,"vaccine","AUCell","gmm_dist_dual"
"unknown-R11","CD8 TEM_2",0,0,0,0,-0.709238737383882,30,0,0,"vaccine","AUCell","gmm_dist_dual"
"unknown-R11","CD8 TEM_3",0,0,0,0,-0.367307770530601,1,0,0,"vaccine","AUCell","gmm_dist_dual"
"unknown-R11","CD8 TEM_4",0,0,0,0,-0.830746604278841,32,0,0,"vaccine","AUCell","gmm_dist_dual"
"unknown-R11","CD8 TEM_5",0,0,0,0,-0.747462187823725,29,0,0,"vaccine","AUCell","gmm_dist_dual"
"unknown-R11","CD8 TEM_6",0,0,0,0,-0.514398567756203,12,0,0,"vaccine","AUCell","gmm_dist_dual"
"unknown-R11","Eryth",0,0,0,0,-0.307319045016142,5,0,0,"vaccine","AUCell","gmm_dist_dual"
"unknown-R11","HSPC",0,0,0,0,-0.302378456419803,28,0,0,"vaccine","AUCell","gmm_dist_dual"
"unknown-R11","ILC",0,0,0,0,-0.478654093325721,1,0,0,"vaccine","AUCell","gmm_dist_dual"
"unknown-R11","MAIT",0,0,0,0,-0.525906011134497,355,0,0,"vaccine","AUCell","gmm_dist_dual"
"unknown-R11","NK Proliferating",0,0,0,0,-0.549229064519203,10,0,0,"vaccine","AUCell","gmm_dist_dual"
"unknown-R11","NK_1",0,0,0,0,-0.790876812169855,4,0,0,"vaccine","AUCell","gmm_dist_dual"
"unknown-R11","NK_2",0,0,0,0,-0.900941579322527,16,0,0,"vaccine","AUCell","gmm_dist_dual"
"unknown-R11","NK_3",0,0,0,0,-0.844324636637891,9,0,0,"vaccine","AUCell","gmm_dist_dual"
"unknown-R11","NK_4",0,0,0,0,-0.714364959953679,5,0,0,"vaccine","AUCell","gmm_dist_dual"
"unknown-R11","NK_CD56bright",0,0,0,0,-0.307700531346917,3,0,0,"vaccine","AUCell","gmm_dist_dual"
"unknown-R11","Platelet",0,0,0,0,2.61615376509112,13,0,0,"vaccine","AUCell","gmm_dist_dual"
"unknown-R11","Treg Memory",0,0,0,0,-0.327847778191002,2,0,0,"vaccine","AUCell","gmm_dist_dual"
"unknown-R11","cDC1",0,0,0,0,1.63656839634647,2,0,0,"vaccine","AUCell","gmm_dist_dual"
"unknown-R11","cDC2_2",0,0,0,0,1.62118972863708,1,0,0,"vaccine","AUCell","gmm_dist_dual"
"unknown-R11","dnT_1",0,0,0,0,-0.612291302187744,161,0,0,"vaccine","AUCell","gmm_dist_dual"
"unknown-R11","dnT_2",0,0,0,0,-0.60433746237783,99,0,0,"vaccine","AUCell","gmm_dist_dual"
"unknown-R11","gdT_1",0,0,0,0,-0.584801085526918,936,0,0,"vaccine","AUCell","gmm_dist_dual"
"unknown-R11","gdT_2",0,0,0,0,-0.804594111606825,406,0,0,"vaccine","AUCell","gmm_dist_dual"
"unknown-R11","gdT_3",0,0,0,0,-0.601019395155949,549,0,0,"vaccine","AUCell","gmm_dist_dual"
"unknown-R11","gdT_4",0,0,0,0,-0.719363469587245,404,0,0,"vaccine","AUCell","gmm_dist_dual"
"unknown-R13","CD14 Mono",0,0,0,0,0.901611137211652,1,0,0,"vaccine","AUCell","gmm_dist_dual"
"unknown-R13","CD4 CTL",0,0,0,0,-0.683419645763212,69,0,0,"vaccine","AUCell","gmm_dist_dual"
"unknown-R13","CD4 Naive",0,0,0,0,-0.48866810950858,1,0,0,"vaccine","AUCell","gmm_dist_dual"
"unknown-R13","CD4 TCM_1",0,0,0,0,-0.61257169069173,3,0,0,"vaccine","AUCell","gmm_dist_dual"
"unknown-R13","CD4 TCM_3",0,0,0,0,-0.803632761355163,1,0,0,"vaccine","AUCell","gmm_dist_dual"
"unknown-R13","CD4 TEM_1",0,0,0,0,-0.714857713130931,6,0,0,"vaccine","AUCell","gmm_dist_dual"
"unknown-R13","CD4 TEM_3",0,0,0,0,-0.505000493044909,2,0,0,"vaccine","AUCell","gmm_dist_dual"
"unknown-R13","CD4 TEM_4",0,0,0,0,-0.809593485273532,1,0,0,"vaccine","AUCell","gmm_dist_dual"
"unknown-R13","CD8 Naive",0,0,0,0,-0.721424764450028,62,0,0,"vaccine","AUCell","gmm_dist_dual"
"unknown-R13","CD8 Naive_2",0,0,0,0,-0.782412584205772,3,0,0,"vaccine","AUCell","gmm_dist_dual"
"unknown-R13","CD8 Proliferating",0,0,0,0,-0.631248625635951,2,0,0,"vaccine","AUCell","gmm_dist_dual"
"unknown-R13","CD8 TCM_1",0,0,0,0,-0.929666307885144,5,0,0,"vaccine","AUCell","gmm_dist_dual"
"unknown-R13","CD8 TCM_2",0,0,0,0,-0.578961155424024,60,0,0,"vaccine","AUCell","gmm_dist_dual"
"unknown-R13","CD8 TCM_3",0,0,0,0,-0.59925145964215,5,0,0,"vaccine","AUCell","gmm_dist_dual"
"unknown-R13","CD8 TEM_1",0,0,0,0,-0.5511861688724,24,0,0,"vaccine","AUCell","gmm_dist_dual"
"unknown-R13","CD8 TEM_2",0,0,0,0,-0.779233531449309,12,0,0,"vaccine","AUCell","gmm_dist_dual"
"unknown-R13","CD8 TEM_3",0,0,0,0,-0.628745121590236,4,0,0,"vaccine","AUCell","gmm_dist_dual"
"unknown-R13","CD8 TEM_4",0,0,0,0,-0.856174974084023,38,0,0,"vaccine","AUCell","gmm_dist_dual"
"unknown-R13","CD8 TEM_5",0,0,0,0,-0.361347046612232,1,0,0,"vaccine","AUCell","gmm_dist_dual"
"unknown-R13","CD8 TEM_6",0,0,0,0,-0.462202495311025,1,0,0,"vaccine","AUCell","gmm_dist_dual"
"unknown-R13","MAIT",0,0,0,0,-0.540833321468224,94,0,0,"vaccine","AUCell","gmm_dist_dual"
"unknown-R13","NK_2",0,0,0,0,-1.01249652745479,1,0,0,"vaccine","AUCell","gmm_dist_dual"
"unknown-R13","Platelet",0,0,0,0,-0.902103920486608,1,0,0,"vaccine","AUCell","gmm_dist_dual"
"unknown-R13","Treg Naive",0,0,0,0,-0.94096784043437,1,0,0,"vaccine","AUCell","gmm_dist_dual"
"unknown-R16","CD4 Naive",0,0,0,0,-0.928331105727429,1,0,0,"vaccine","AUCell","gmm_dist_dual"
"unknown-R16","CD8 Naive",0,0,0,0,-0.632281817781801,3,0,0,"vaccine","AUCell","gmm_dist_dual"
"unknown-R16","Treg Naive",0,0,0,0,-1.31959302372913,1,0,0,"vaccine","AUCell","gmm_dist_dual"
"unknown-R40","CD16 Mono",0,0,0,0,1.44117586630236,1,0,0,"vaccine","AUCell","gmm_dist_dual"
"unknown-Singlets","B intermediate kappa",0,0,0,0,1.33006797246397,7,0,0,"vaccine","AUCell","gmm_dist_dual"
"unknown-Singlets","B intermediate lambda",0,0,0,0,1.37711298598969,16,0,0,"vaccine","AUCell","gmm_dist_dual"
"unknown-Singlets","B memory kappa",0,0,0,0,0.997845605653729,21,0,0,"vaccine","AUCell","gmm_dist_dual"
"unknown-Singlets","B memory lambda",0,0,0,0,0.648796966753923,6,0,0,"vaccine","AUCell","gmm_dist_dual"
"unknown-Singlets","B naive kappa",0,0,0,0,1.21429189063057,19,0,0,"vaccine","AUCell","gmm_dist_dual"
"unknown-Singlets","B naive lambda",0,0,0,0,1.20772411403946,8,0,0,"vaccine","AUCell","gmm_dist_dual"
"unknown-Singlets","CD14 Mono",0,0,0,0,0.754609750844825,24,0,0,"vaccine","AUCell","gmm_dist_dual"
"unknown-Singlets","CD16 Mono",0,0,0,0,0.386564852505172,6,0,0,"vaccine","AUCell","gmm_dist_dual"
"unknown-Singlets","CD4 CTL",0,0,0,0,-0.794334032042509,1,0,0,"vaccine","AUCell","gmm_dist_dual"
"unknown-Singlets","CD4 Naive",0,0,0,0,-0.687088687303225,5,0,0,"vaccine","AUCell","gmm_dist_dual"
"unknown-Singlets","CD4 TCM_1",0,0,0,0,-0.571096405979731,7,0,0,"vaccine","AUCell","gmm_dist_dual"
"unknown-Singlets","CD4 TCM_2",0,0,0,0,-0.726620208329844,2,0,0,"vaccine","AUCell","gmm_dist_dual"
"unknown-Singlets","CD4 TCM_3",0,0,0,0,-0.836059099471087,4,0,0,"vaccine","AUCell","gmm_dist_dual"
"unknown-Singlets","CD4 TEM_3",0,0,0,0,-0.770491136369035,3,0,0,"vaccine","AUCell","gmm_dist_dual"
"unknown-Singlets","CD8 Naive",0,0,0,0,-0.771802495631076,4,0,0,"vaccine","AUCell","gmm_dist_dual"
"unknown-Singlets","CD8 TCM_1",0,0,0,0,-0.868843081022113,2,0,0,"vaccine","AUCell","gmm_dist_dual"
"unknown-Singlets","CD8 TCM_2",0,0,0,0,-0.755708541051482,1,0,0,"vaccine","AUCell","gmm_dist_dual"
"unknown-Singlets","CD8 TEM_1",0,0,0,0,-0.483374986669069,5,0,0,"vaccine","AUCell","gmm_dist_dual"
"unknown-Singlets","CD8 TEM_2",0,0,0,0,-0.852033839572314,1,0,0,"vaccine","AUCell","gmm_dist_dual"
"unknown-Singlets","CD8 TEM_4",0,0,0,0,-1.06042074775847,1,0,0,"vaccine","AUCell","gmm_dist_dual"
"unknown-Singlets","CD8 TEM_6",0,0,0,0,-0.335715933763248,2,0,0,"vaccine","AUCell","gmm_dist_dual"
"unknown-Singlets","Doublet",0,0,0,0,0.853090844516134,2,0,0,"vaccine","AUCell","gmm_dist_dual"
"unknown-Singlets","HSPC",0,0,0,0,0.702284529381415,1,0,0,"vaccine","AUCell","gmm_dist_dual"
"unknown-Singlets","MAIT",0,0,0,0,-0.776571074765771,2,0,0,"vaccine","AUCell","gmm_dist_dual"
"unknown-Singlets","NK_1",0,0,0,0,-0.922990297096571,5,0,0,"vaccine","AUCell","gmm_dist_dual"
"unknown-Singlets","NK_2",0,0,0,0,-0.904190173858037,4,0,0,"vaccine","AUCell","gmm_dist_dual"
"unknown-Singlets","NK_3",0,0,0,0,-0.88755975412579,1,0,0,"vaccine","AUCell","gmm_dist_dual"
"unknown-Singlets","Plasma",0,0,0,0,-0.197024789992613,16,0,0,"vaccine","AUCell","gmm_dist_dual"
"unknown-Singlets","Plasmablast",0,0,0,0,-0.500208071014541,5,0,0,"vaccine","AUCell","gmm_dist_dual"
"unknown-Singlets","Platelet",0,0,0,0,1.25317463391702,4,0,0,"vaccine","AUCell","gmm_dist_dual"
"unknown-Singlets","Treg Memory",0,0,0,0,-0.766437844104545,2,0,0,"vaccine","AUCell","gmm_dist_dual"
"unknown-Singlets","Treg Naive",0,0,0,0,-0.626956904414726,1,0,0,"vaccine","AUCell","gmm_dist_dual"
"unknown-Singlets","cDC2_2",0,0,0,0,2.33075430387965,1,0,0,"vaccine","AUCell","gmm_dist_dual"
"unknown-Singlets","gdT_2",0,0,0,0,-0.400449395516729,1,0,0,"vaccine","AUCell","gmm_dist_dual"
"unknown-Singlets","gdT_4",0,0,0,0,-0.288387785851404,1,0,0,"vaccine","AUCell","gmm_dist_dual"
"unknown-nonBcells","CD4 Naive",0,0,0,0,-0.577423288653085,4,0,0,"vaccine","AUCell","gmm_dist_dual"
"unknown-nonBcells","CD4 TCM_1",0,0,0,0,-0.683464567160858,1,0,0,"vaccine","AUCell","gmm_dist_dual"
"unknown-nonBcells","CD4 TCM_3",0,0,0,0,-0.873373231200073,2,0,0,"vaccine","AUCell","gmm_dist_dual"
"unknown-nonBcells","CD8 Naive",0,0,0,0,-0.753324251484135,3,0,0,"vaccine","AUCell","gmm_dist_dual"
"unknown-nonBcells","CD8 TCM_1",0,0,0,0,-0.72590492145964,1,0,0,"vaccine","AUCell","gmm_dist_dual"
"unknown-nonBcells","CD8 TCM_2",0,0,0,0,-0.937391406083349,1,0,0,"vaccine","AUCell","gmm_dist_dual"
"unknown-nonBcells","CD8 TEM_1",0,0,0,0,-0.869916011327419,2,0,0,"vaccine","AUCell","gmm_dist_dual"
"unknown-nonBcells","Doublet",0,0,0,0,-0.597562020177286,7,0,0,"vaccine","AUCell","gmm_dist_dual"
"unknown-nonBcells","MAIT",0,0,0,0,-0.61455859866452,2,0,0,"vaccine","AUCell","gmm_dist_dual"
"unknown-nonBcells","gdT_2",0,0,0,0,-0.671304690367386,1,0,0,"vaccine","AUCell","gmm_dist_dual"
"unknown-nonBcells-nonMonocytes","NK_1",0,0,0,0,-0.825091367461289,1,0,0,"vaccine","AUCell","gmm_dist_dual"
"unknown-nonBcells-nonMonocytes","NK_3",0,0,0,0,-0.842019823389455,1,0,0,"vaccine","AUCell","gmm_dist_dual"
"unknown-nonBcells-nonMonocytes","NK_4",0,0,0,0,-0.851258945462926,4,0,0,"vaccine","AUCell","gmm_dist_dual"
"unknown-nonBcells-nonMonocytes","NK_CD56bright",0,0,0,0,-0.499333443817153,41,0,0,"vaccine","AUCell","gmm_dist_dual"
"unknown-nonBcells-nonMonocytes","Platelet",0,0,0,0,1.26521529623212,1,0,0,"vaccine","AUCell","gmm_dist_dual"
"unknown-nonBcells-nonMonocytes","cDC2_2",0,0,0,0,2.05644178915634,2,0,0,"vaccine","AUCell","gmm_dist_dual"
"unknown-nonTcell-nonNKcell","ASDC_mDC",0,0,0,0,2.32619009242215,7,0,0,"vaccine","AUCell","gmm_dist_dual"
"unknown-nonTcell-nonNKcell","ASDC_pDC",0,0,0,0,3.60849508302108,2,0,0,"vaccine","AUCell","gmm_dist_dual"
"unknown-nonTcell-nonNKcell","B intermediate kappa",0,0,0,0,0.698588880552027,2,0,0,"vaccine","AUCell","gmm_dist_dual"
"unknown-nonTcell-nonNKcell","B memory kappa",0,0,0,0,0.710748757345498,2,0,0,"vaccine","AUCell","gmm_dist_dual"
"unknown-nonTcell-nonNKcell","B memory lambda",0,0,0,0,0.252130659066238,1,0,0,"vaccine","AUCell","gmm_dist_dual"
"unknown-nonTcell-nonNKcell","B naive kappa",0,0,0,0,0.6826141404508,2,0,0,"vaccine","AUCell","gmm_dist_dual"
"unknown-nonTcell-nonNKcell","CD14 Mono",0,0,0,0,0.524096191341314,850,0,0,"vaccine","AUCell","gmm_dist_dual"
"unknown-nonTcell-nonNKcell","CD16 Mono",0,0,0,0,0.521125171406726,46,0,0,"vaccine","AUCell","gmm_dist_dual"
"unknown-nonTcell-nonNKcell","CD4 CTL",0,0,0,0,-0.647938652607382,12,0,0,"vaccine","AUCell","gmm_dist_dual"
"unknown-nonTcell-nonNKcell","CD4 Naive",0,0,0,0,-0.498082741786314,72,0,0,"vaccine","AUCell","gmm_dist_dual"
"unknown-nonTcell-nonNKcell","CD4 Proliferating",0,0,0,0,-0.565501840816348,4,0,0,"vaccine","AUCell","gmm_dist_dual"
"unknown-nonTcell-nonNKcell","CD4 TCM_1",0,0,0,0,-0.602881503485306,161,0,0,"vaccine","AUCell","gmm_dist_dual"
"unknown-nonTcell-nonNKcell","CD4 TCM_2",0,0,0,0,-0.759308818298176,10,0,0,"vaccine","AUCell","gmm_dist_dual"
"unknown-nonTcell-nonNKcell","CD4 TCM_3",0,0,0,0,-0.573296178151989,151,0,0,"vaccine","AUCell","gmm_dist_dual"
"unknown-nonTcell-nonNKcell","CD4 TEM_1",0,0,0,0,-0.513289548714248,49,0,0,"vaccine","AUCell","gmm_dist_dual"
"unknown-nonTcell-nonNKcell","CD4 TEM_2",0,0,0,0,-0.573106021472209,7,0,0,"vaccine","AUCell","gmm_dist_dual"
"unknown-nonTcell-nonNKcell","CD4 TEM_3",0,0,0,0,-0.569133771562471,29,0,0,"vaccine","AUCell","gmm_dist_dual"
"unknown-nonTcell-nonNKcell","CD8 Naive",0,0,0,0,-0.660543167185035,37,0,0,"vaccine","AUCell","gmm_dist_dual"
"unknown-nonTcell-nonNKcell","CD8 Naive_2",0,0,0,0,-0.76969637317992,3,0,0,"vaccine","AUCell","gmm_dist_dual"
"unknown-nonTcell-nonNKcell","CD8 Proliferating",0,0,0,0,-0.73949537199352,2,0,0,"vaccine","AUCell","gmm_dist_dual"
"unknown-nonTcell-nonNKcell","CD8 TCM_1",0,0,0,0,-0.530218329035553,15,0,0,"vaccine","AUCell","gmm_dist_dual"
"unknown-nonTcell-nonNKcell","CD8 TCM_2",0,0,0,0,-0.603629680670934,43,0,0,"vaccine","AUCell","gmm_dist_dual"
"unknown-nonTcell-nonNKcell","CD8 TCM_3",0,0,0,0,-0.540927401752893,11,0,0,"vaccine","AUCell","gmm_dist_dual"
"unknown-nonTcell-nonNKcell","CD8 TEM_1",0,0,0,0,-0.465589700331304,63,0,0,"vaccine","AUCell","gmm_dist_dual"
"unknown-nonTcell-nonNKcell","CD8 TEM_2",0,0,0,0,-0.604186939046559,36,0,0,"vaccine","AUCell","gmm_dist_dual"
"unknown-nonTcell-nonNKcell","CD8 TEM_3",0,0,0,0,-0.442909618895239,12,0,0,"vaccine","AUCell","gmm_dist_dual"
"unknown-nonTcell-nonNKcell","CD8 TEM_4",0,0,0,0,-0.835022210752264,43,0,0,"vaccine","AUCell","gmm_dist_dual"
"unknown-nonTcell-nonNKcell","CD8 TEM_5",0,0,0,0,-0.743802988478528,15,0,0,"vaccine","AUCell","gmm_dist_dual"
"unknown-nonTcell-nonNKcell","CD8 TEM_6",0,0,0,0,-0.557304884021508,31,0,0,"vaccine","AUCell","gmm_dist_dual"
"unknown-nonTcell-nonNKcell","Doublet",0,0,0,0,0.83536194851893,14,0,0,"vaccine","AUCell","gmm_dist_dual"
"unknown-nonTcell-nonNKcell","Eryth",0,0,0,0,0.0197419025687839,3,0,0,"vaccine","AUCell","gmm_dist_dual"
"unknown-nonTcell-nonNKcell","HSPC",0,0,0,0,-0.247400082048283,162,0,0,"vaccine","AUCell","gmm_dist_dual"
"unknown-nonTcell-nonNKcell","ILC",0,0,0,0,-0.576449703746418,24,0,0,"vaccine","AUCell","gmm_dist_dual"
"unknown-nonTcell-nonNKcell","MAIT",0,0,0,0,-0.456730550753963,40,0,0,"vaccine","AUCell","gmm_dist_dual"
"unknown-nonTcell-nonNKcell","NK Proliferating",0,0,0,0,-0.801110433970759,19,0,0,"vaccine","AUCell","gmm_dist_dual"
"unknown-nonTcell-nonNKcell","NK_1",0,0,0,0,-0.792312901170829,281,0,0,"vaccine","AUCell","gmm_dist_dual"
"unknown-nonTcell-nonNKcell","NK_2",0,0,0,0,-0.776258588330051,132,0,0,"vaccine","AUCell","gmm_dist_dual"
"unknown-nonTcell-nonNKcell","NK_3",0,0,0,0,-0.64991111034037,66,0,0,"vaccine","AUCell","gmm_dist_dual"
"unknown-nonTcell-nonNKcell","NK_4",0,0,0,0,-0.722090058151884,56,0,0,"vaccine","AUCell","gmm_dist_dual"
"unknown-nonTcell-nonNKcell","NK_CD56bright",0,0,0,0,-0.609674778867403,60,0,0,"vaccine","AUCell","gmm_dist_dual"
"unknown-nonTcell-nonNKcell","Plasma",0,0,0,0,0.0480884563139133,9,0,0,"vaccine","AUCell","gmm_dist_dual"
"unknown-nonTcell-nonNKcell","Platelet",0,0,0,0,2.28931154803788,1304,0,0,"vaccine","AUCell","gmm_dist_dual"
"unknown-nonTcell-nonNKcell","Treg Memory",0,0,0,0,-0.600888671811728,21,0,0,"vaccine","AUCell","gmm_dist_dual"
"unknown-nonTcell-nonNKcell","Treg Naive",0,0,0,0,-0.553838691016074,6,0,0,"vaccine","AUCell","gmm_dist_dual"
"unknown-nonTcell-nonNKcell","cDC1",0,0,0,0,2.43497330393238,56,0,0,"vaccine","AUCell","gmm_dist_dual"
"unknown-nonTcell-nonNKcell","cDC2_1",0,0,0,0,1.68891348688961,24,0,0,"vaccine","AUCell","gmm_dist_dual"
"unknown-nonTcell-nonNKcell","cDC2_2",0,0,0,0,2.04007864059333,93,0,0,"vaccine","AUCell","gmm_dist_dual"
"unknown-nonTcell-nonNKcell","dnT_2",0,0,0,0,-0.265737034961604,1,0,0,"vaccine","AUCell","gmm_dist_dual"
"unknown-nonTcell-nonNKcell","gdT_2",0,0,0,0,-0.902342349443343,1,0,0,"vaccine","AUCell","gmm_dist_dual"
"unknown-nonTcell-nonNKcell","gdT_3",0,0,0,0,-0.643343476350313,11,0,0,"vaccine","AUCell","gmm_dist_dual"
"unknown-nonTcell-nonNKcell","gdT_4",0,0,0,0,-0.80923584183843,2,0,0,"vaccine","AUCell","gmm_dist_dual"
"unknown-nonTcell-nonNKcell","pDC",0,0,0,0,4.79950352443287,47,0,0,"vaccine","AUCell","gmm_dist_dual"
"unknown-noncDCs","CD4 Naive",0,0,0,0,-0.514895294749401,1,0,0,"vaccine","AUCell","gmm_dist_dual"
"unknown-noncDCs","CD4 TCM_1",0,0,0,0,-0.588331413423699,1,0,0,"vaccine","AUCell","gmm_dist_dual"
"unknown-noncDCs","CD4 TCM_3",0,0,0,0,-0.568780238971451,1,0,0,"vaccine","AUCell","gmm_dist_dual"
"unknown-noncDCs","CD4 TEM_3",0,0,0,0,-0.534684898158384,2,0,0,"vaccine","AUCell","gmm_dist_dual"
"unknown-noncDCs","CD8 TEM_6",0,0,0,0,-0.993660639872746,1,0,0,"vaccine","AUCell","gmm_dist_dual"
"unknown-noncDCs","MAIT",0,0,0,0,-0.218051243614657,1,0,0,"vaccine","AUCell","gmm_dist_dual"
"unknown-noncDCs","NK_4",0,0,0,0,-0.609074732659621,1,0,0,"vaccine","AUCell","gmm_dist_dual"
"unknown-noncDCs","NK_CD56bright",0,0,0,0,-0.428761131065002,35,0,0,"vaccine","AUCell","gmm_dist_dual"
"unknown-noncDCs","Treg Naive",0,0,0,0,-0.509888286657971,2,0,0,"vaccine","AUCell","gmm_dist_dual"
NA,"B memory kappa",0,0,0,0,1.11858148784026,1,0,0,"vaccine","AUCell","gmm_dist_dual"
NA,"B naive kappa",0,0,0,0,1.56793066042646,8,0,0,"vaccine","AUCell","gmm_dist_dual"
NA,"B naive lambda",0,0,0,0,0.780727656147142,1,0,0,"vaccine","AUCell","gmm_dist_dual"
NA,"CD14 Mono",0,0,0,0,0.91393221900826,247,0,0,"vaccine","AUCell","gmm_dist_dual"
NA,"CD16 Mono",0,0,0,0,0.724982966062562,35,0,0,"vaccine","AUCell","gmm_dist_dual"
NA,"CD4 Naive",0,0,0,0,-0.801010042831081,1,0,0,"vaccine","AUCell","gmm_dist_dual"
NA,"CD4 TCM_1",0,0,0,0,-0.818176927715982,2,0,0,"vaccine","AUCell","gmm_dist_dual"
NA,"CD4 TCM_3",0,0,0,0,-0.890182472649872,1,0,0,"vaccine","AUCell","gmm_dist_dual"
NA,"CD4 TEM_3",0,0,0,0,-0.780743581508629,1,0,0,"vaccine","AUCell","gmm_dist_dual"
NA,"CD8 TCM_1",0,0,0,0,-0.527770458413076,1,0,0,"vaccine","AUCell","gmm_dist_dual"
NA,"Doublet",0,0,0,0,1.13083984615934,46,0,0,"vaccine","AUCell","gmm_dist_dual"
NA,"NK_2",0,0,0,0,0.0235567658765396,3,0,0,"vaccine","AUCell","gmm_dist_dual"
NA,"Plasma",0,0,0,0,-0.609074732659621,1,0,0,"vaccine","AUCell","gmm_dist_dual"
NA,"Platelet",0,0,0,0,2.1184673791869,14,0,0,"vaccine","AUCell","gmm_dist_dual"
NA,"cDC2_1",0,0,0,0,1.6364491818681,2,0,0,"vaccine","AUCell","gmm_dist_dual"
NA,"pDC",0,0,0,0,3.42848122068636,1,0,0,"vaccine","AUCell","gmm_dist_dual"
